processNo,elapsedTime
0,0.3855697999988479
1,0.27558119999957853
2,0.24005579999902693
3,0.29578359999868553
